id,group,condition,value,source_type,source_seed
G1-S001,Group A,Condition 1,0.585740,simulated,173
G1-S001,Group A,Condition 2,1.399708,simulated,173
G1-S001,Group A,Condition 3,1.273642,simulated,173
G1-S002,Group A,Condition 1,-0.323178,simulated,173
G1-S002,Group A,Condition 2,-0.055012,simulated,173
G1-S002,Group A,Condition 3,0.523661,simulated,173
G1-S003,Group A,Condition 1,-0.054969,simulated,173
G1-S003,Group A,Condition 2,0.586063,simulated,173
G1-S003,Group A,Condition 3,0.706191,simulated,173
G1-S004,Group A,Condition 1,-1.767090,simulated,173
G1-S004,Group A,Condition 2,-2.402501,simulated,173
G1-S004,Group A,Condition 3,-2.833858,simulated,173
G1-S005,Group A,Condition 1,-1.369409,simulated,173
G1-S005,Group A,Condition 2,-0.984289,simulated,173
G1-S005,Group A,Condition 3,-0.394287,simulated,173
G1-S006,Group A,Condition 1,-0.368712,simulated,173
G1-S006,Group A,Condition 2,-0.554774,simulated,173
G1-S006,Group A,Condition 3,0.112246,simulated,173
G1-S007,Group A,Condition 1,0.464289,simulated,173
G1-S007,Group A,Condition 2,0.237626,simulated,173
G1-S007,Group A,Condition 3,0.552110,simulated,173
G1-S008,Group A,Condition 1,0.586724,simulated,173
G1-S008,Group A,Condition 2,0.916211,simulated,173
G1-S008,Group A,Condition 3,-0.031880,simulated,173
G1-S009,Group A,Condition 1,-0.063142,simulated,173
G1-S009,Group A,Condition 2,-0.124844,simulated,173
G1-S009,Group A,Condition 3,-0.478701,simulated,173
G1-S010,Group A,Condition 1,-2.019374,simulated,173
G1-S010,Group A,Condition 2,-1.568525,simulated,173
G1-S010,Group A,Condition 3,-0.916070,simulated,173
G1-S011,Group A,Condition 1,0.181348,simulated,173
G1-S011,Group A,Condition 2,0.572975,simulated,173
G1-S011,Group A,Condition 3,1.525225,simulated,173
G1-S012,Group A,Condition 1,-0.647611,simulated,173
G1-S012,Group A,Condition 2,-0.814947,simulated,173
G1-S012,Group A,Condition 3,-0.855783,simulated,173
G1-S013,Group A,Condition 1,-0.380054,simulated,173
G1-S013,Group A,Condition 2,0.285564,simulated,173
G1-S013,Group A,Condition 3,0.617833,simulated,173
G1-S014,Group A,Condition 1,0.629177,simulated,173
G1-S014,Group A,Condition 2,1.120947,simulated,173
G1-S014,Group A,Condition 3,1.433589,simulated,173
G1-S015,Group A,Condition 1,-0.154188,simulated,173
G1-S015,Group A,Condition 2,0.556841,simulated,173
G1-S015,Group A,Condition 3,0.900633,simulated,173
G1-S016,Group A,Condition 1,0.636218,simulated,173
G1-S016,Group A,Condition 2,1.204076,simulated,173
G1-S016,Group A,Condition 3,1.999241,simulated,173
G2-S001,Group B,Condition 1,-0.742248,simulated,173
G2-S001,Group B,Condition 2,-0.537684,simulated,173
G2-S001,Group B,Condition 3,-1.382369,simulated,173
G2-S002,Group B,Condition 1,-2.028360,simulated,173
G2-S002,Group B,Condition 2,-1.340385,simulated,173
G2-S002,Group B,Condition 3,-1.419147,simulated,173
G2-S003,Group B,Condition 1,-0.106211,simulated,173
G2-S003,Group B,Condition 2,0.266949,simulated,173
G2-S003,Group B,Condition 3,0.267251,simulated,173
G2-S004,Group B,Condition 1,0.267632,simulated,173
G2-S004,Group B,Condition 2,0.673617,simulated,173
G2-S004,Group B,Condition 3,0.577390,simulated,173
G2-S005,Group B,Condition 1,-0.913722,simulated,173
G2-S005,Group B,Condition 2,-0.980724,simulated,173
G2-S005,Group B,Condition 3,-1.851549,simulated,173
G2-S006,Group B,Condition 1,0.618256,simulated,173
G2-S006,Group B,Condition 2,1.321475,simulated,173
G2-S006,Group B,Condition 3,1.657689,simulated,173
G2-S007,Group B,Condition 1,-0.271044,simulated,173
G2-S007,Group B,Condition 2,-0.632355,simulated,173
G2-S007,Group B,Condition 3,-0.702994,simulated,173
G2-S008,Group B,Condition 1,0.861898,simulated,173
G2-S008,Group B,Condition 2,0.446192,simulated,173
G2-S008,Group B,Condition 3,-0.205521,simulated,173
G2-S009,Group B,Condition 1,-1.889182,simulated,173
G2-S009,Group B,Condition 2,-2.302391,simulated,173
G2-S009,Group B,Condition 3,-1.979138,simulated,173
G2-S010,Group B,Condition 1,-1.256542,simulated,173
G2-S010,Group B,Condition 2,-1.134472,simulated,173
G2-S010,Group B,Condition 3,-1.399873,simulated,173
G2-S011,Group B,Condition 1,-0.336753,simulated,173
G2-S011,Group B,Condition 2,-0.684382,simulated,173
G2-S011,Group B,Condition 3,-0.044740,simulated,173
G2-S012,Group B,Condition 1,0.138903,simulated,173
G2-S012,Group B,Condition 2,-0.612015,simulated,173
G2-S012,Group B,Condition 3,0.038610,simulated,173
G2-S013,Group B,Condition 1,0.421779,simulated,173
G2-S013,Group B,Condition 2,0.350970,simulated,173
G2-S013,Group B,Condition 3,-0.245070,simulated,173
G2-S014,Group B,Condition 1,-0.088108,simulated,173
G2-S014,Group B,Condition 2,0.449966,simulated,173
G2-S014,Group B,Condition 3,-0.167598,simulated,173
G2-S015,Group B,Condition 1,-1.149707,simulated,173
G2-S015,Group B,Condition 2,-0.293535,simulated,173
G2-S015,Group B,Condition 3,-0.802698,simulated,173
G3-S001,Group C,Condition 1,0.356562,simulated,173
G3-S001,Group C,Condition 2,0.178041,simulated,173
G3-S001,Group C,Condition 3,-0.165728,simulated,173
G3-S002,Group C,Condition 1,0.207043,simulated,173
G3-S002,Group C,Condition 2,-0.234847,simulated,173
G3-S002,Group C,Condition 3,0.185098,simulated,173
G3-S003,Group C,Condition 1,1.162799,simulated,173
G3-S003,Group C,Condition 2,1.349229,simulated,173
G3-S003,Group C,Condition 3,0.885039,simulated,173
G3-S004,Group C,Condition 1,-1.208315,simulated,173
G3-S004,Group C,Condition 2,-1.009304,simulated,173
G3-S004,Group C,Condition 3,-1.345374,simulated,173
G3-S005,Group C,Condition 1,-0.588751,simulated,173
G3-S005,Group C,Condition 2,-1.274419,simulated,173
G3-S005,Group C,Condition 3,-1.318129,simulated,173
G3-S006,Group C,Condition 1,-0.786346,simulated,173
G3-S006,Group C,Condition 2,-0.396277,simulated,173
G3-S006,Group C,Condition 3,-0.277652,simulated,173
G3-S007,Group C,Condition 1,0.505617,simulated,173
G3-S007,Group C,Condition 2,-0.275591,simulated,173
G3-S007,Group C,Condition 3,-0.352095,simulated,173
G3-S008,Group C,Condition 1,-0.200037,simulated,173
G3-S008,Group C,Condition 2,-0.904606,simulated,173
G3-S008,Group C,Condition 3,-0.305098,simulated,173
G3-S009,Group C,Condition 1,1.510769,simulated,173
G3-S009,Group C,Condition 2,1.266945,simulated,173
G3-S009,Group C,Condition 3,1.650681,simulated,173
G3-S010,Group C,Condition 1,0.236865,simulated,173
G3-S010,Group C,Condition 2,-0.249726,simulated,173
G3-S010,Group C,Condition 3,0.208870,simulated,173
G3-S011,Group C,Condition 1,-0.153852,simulated,173
G3-S011,Group C,Condition 2,-0.982869,simulated,173
G3-S011,Group C,Condition 3,-0.236257,simulated,173
G3-S012,Group C,Condition 1,0.912760,simulated,173
G3-S012,Group C,Condition 2,0.516228,simulated,173
G3-S012,Group C,Condition 3,0.062092,simulated,173
G3-S013,Group C,Condition 1,-0.168034,simulated,173
G3-S013,Group C,Condition 2,-0.741748,simulated,173
G3-S013,Group C,Condition 3,-0.557501,simulated,173
G3-S014,Group C,Condition 1,0.641665,simulated,173
G3-S014,Group C,Condition 2,0.432008,simulated,173
G3-S014,Group C,Condition 3,0.377781,simulated,173
G3-S015,Group C,Condition 1,0.274773,simulated,173
G3-S015,Group C,Condition 2,-0.273369,simulated,173
G3-S015,Group C,Condition 3,0.392000,simulated,173
G3-S016,Group C,Condition 1,0.173160,simulated,173
G3-S016,Group C,Condition 2,0.209377,simulated,173
G3-S016,Group C,Condition 3,0.370834,simulated,173
G3-S017,Group C,Condition 1,0.952385,simulated,173
G3-S017,Group C,Condition 2,0.590178,simulated,173
G3-S017,Group C,Condition 3,0.293890,simulated,173
